Resolver IP,Last Event Date,Attempted Rankings,Successful Rankings,Top 10 Count,Top 25 Count,Top 50 Count,Top 75 Count,Top 100 Count,Top 200 Count
4.2.2.1,4/12/2019,684287,488330,71015,127797,139228,61675,32936,55679
4.2.2.2,4/12/2019,684287,476268,69533,125244,136261,56415,32068,56747
4.2.2.3,4/12/2019,684287,511996,75363,133938,144569,64345,34382,59399
4.2.2.4,4/12/2019,684287,501441,72905,130438,139456,58948,34416,65278
4.2.2.5,4/12/2019,684287,523374,76045,137159,149135,65479,35114,60442
4.2.2.6,4/12/2019,684287,513669,74164,134826,142868,60028,35330,66453
4.17.179.2,4/11/2019,684287,17997,419,450,980,937,1174,14037
8.2.208.1,4/11/2019,684287,39714,527,764,2652,3380,6309,26082
8.2.208.2,4/10/2019,684287,53652,521,971,3814,4622,7725,35999
8.5.244.5,4/12/2019,684287,82423,1270,4392,11875,14128,11025,39733
8.8.4.4,4/12/2019,684287,566383,193393,112635,98664,55068,39194,67429
8.8.8.8,4/12/2019,684287,566584,191130,117157,99694,53806,38490,66307
8.8.192.35,4/8/2019,684287,7152,279,400,538,785,1544,3606
8.8.192.36,4/11/2019,684287,7362,267,398,538,846,1648,3665
8.10.118.8,4/11/2019,684287,2529,198,335,373,315,294,1014
8.10.118.9,4/11/2019,684287,2531,172,312,393,326,268,1060
8.15.12.5,4/12/2019,684287,147633,3047,8660,19998,24196,18849,72883
12.10.245.202,4/11/2019,684287,2490,172,329,330,316,300,1043
12.17.136.131,4/11/2019,684287,6010,667,858,763,466,537,2719
12.25.93.2,4/10/2019,684287,8473,199,409,588,729,992,5556
12.25.232.115,4/11/2019,684287,53206,483,1404,4660,8146,6636,31877
12.27.222.9,4/10/2019,684287,17748,302,672,1848,2182,2075,10669
12.27.240.3,4/11/2019,684287,9676,340,537,716,765,896,6422
12.32.34.32,4/11/2019,684287,10906,240,558,1502,2423,1274,4909
12.32.34.33,4/11/2019,684287,10851,262,560,1511,2375,1313,4830
12.68.121.131,4/11/2019,684287,2429,138,263,404,315,297,1012
12.68.121.133,4/11/2019,684287,2415,142,254,444,322,308,945
12.96.51.35,4/11/2019,684287,2404,147,238,421,295,272,1031
12.106.80.10,4/11/2019,684287,11251,250,435,1245,1073,1334,6914
12.106.254.37,4/10/2019,684287,7194,185,369,1705,1676,654,2605
12.109.193.94,4/11/2019,684287,7026,152,341,655,578,653,4647
12.127.16.67,4/12/2019,684287,348025,22422,45432,69875,40009,34847,135440
12.127.17.71,4/12/2019,684287,347671,22744,45339,69911,42060,36481,131136
12.158.132.6,4/10/2019,684287,5612,171,287,514,494,692,3454
12.160.140.10,4/11/2019,684287,17800,357,528,1122,1527,2449,11817
12.160.140.11,4/10/2019,684287,16618,338,512,1033,1503,2253,10979
12.162.224.2,4/11/2019,684287,30210,468,763,2979,4558,5254,16188
12.166.30.2,4/10/2019,684287,12164,190,410,1253,2758,2694,4859
12.167.129.131,4/11/2019,684287,2374,135,232,407,304,304,992
12.173.168.201,4/11/2019,684287,39814,718,2558,6860,4720,4925,20033
12.175.181.41,4/11/2019,684287,2466,145,218,411,309,280,1103
12.186.41.1,4/10/2019,684287,2816,162,262,425,340,321,1306
12.231.192.230,4/8/2019,684287,2411,132,198,410,310,270,1091
18.70.0.160,4/10/2019,684287,20742,1579,533,1428,2552,2804,11846
18.71.0.151,4/10/2019,684287,20812,1583,540,1350,2557,2911,11871
18.72.0.3,4/10/2019,684287,20649,1576,551,1425,2474,2934,11689
18.85.2.138,4/12/2019,684287,64345,1935,1119,3147,6093,7402,44649
24.25.5.149,4/12/2019,684287,19172,2208,884,1944,2332,2431,9373
24.25.5.150,4/12/2019,684287,20542,2392,894,1992,2704,2537,10023
24.25.195.1,4/10/2019,684287,2292,115,200,364,329,291,993
24.25.195.2,4/10/2019,684287,2279,132,210,311,329,296,1001
24.25.195.3,4/10/2019,684287,2281,111,212,320,345,276,1017
24.25.227.53,4/12/2019,684287,5275,755,204,340,407,497,3072
24.25.227.55,4/12/2019,684287,6687,804,217,353,442,638,4233
24.29.103.15,4/12/2019,684287,19949,1042,1317,2301,3804,3147,8338
24.29.103.16,4/12/2019,684287,20614,1057,1487,2450,3941,3195,8484
24.30.199.7,4/11/2019,684049,2345,144,174,326,370,309,1022
24.30.200.3,4/11/2019,684049,2303,108,188,309,382,315,1001
24.30.200.19,4/10/2019,684049,2358,130,187,306,379,289,1067
24.30.201.3,4/10/2019,684049,2286,114,206,318,336,280,1032
24.35.0.12,4/11/2019,684287,51015,373,1547,6157,10149,9316,23473
24.35.0.13,4/11/2019,684287,51442,399,1571,6265,10338,9528,23341
24.56.130.2,4/11/2019,684287,2367,124,203,352,381,267,1040
24.89.0.21,4/11/2019,684287,39256,390,950,2901,4552,6022,24441
24.89.0.22,4/11/2019,684287,38572,382,874,2932,4529,6150,23705
24.93.1.119,4/12/2019,684287,2286,130,178,311,363,315,989
24.93.41.125,4/12/2019,684287,18507,827,806,2348,2055,2672,9799
24.102.55.4,4/10/2019,684287,45530,1397,4100,3247,4099,4837,27850
24.102.62.102,4/11/2019,684287,2276,134,167,290,333,289,1063
24.113.32.29,4/11/2019,684287,17190,725,1383,2085,1569,1491,9937
24.113.32.30,4/11/2019,684287,21073,918,1968,2506,1606,1791,12284
24.116.33.232,4/11/2019,684287,7347,167,229,480,568,722,5181
24.116.39.12,4/10/2019,684287,2264,110,185,316,333,311,1009
24.116.197.232,4/10/2019,684287,3120,142,199,403,428,383,1565
24.116.199.232,4/9/2019,684287,6095,178,249,493,579,860,3736
24.116.200.232,4/11/2019,684287,3546,139,217,375,422,442,1951
24.116.209.232,4/11/2019,684287,7082,122,236,405,475,548,5296
24.116.212.232,4/7/2019,684287,4967,161,224,437,570,782,2793
24.116.214.232,4/11/2019,684287,4078,153,230,414,711,741,1829
24.116.215.232,4/11/2019,684287,8481,164,275,639,1359,1399,4645
24.116.221.232,4/11/2019,684287,5509,143,233,431,479,736,3487
24.116.222.232,4/11/2019,684287,5638,171,230,775,1004,945,2513
24.117.104.232,4/10/2019,684287,7024,174,247,514,584,1259,4246
24.124.0.1,4/11/2019,684287,2325,168,198,316,285,323,1035
24.129.114.64,4/11/2019,684287,2182,106,179,278,285,316,1018
24.143.128.68,4/11/2019,684287,2162,104,166,286,276,300,1030
24.149.0.6,4/10/2019,684287,2160,126,191,248,277,308,1010
24.151.8.210,4/12/2019,684287,13128,1132,241,525,770,1457,9003
24.151.8.211,4/12/2019,684287,17026,1143,257,532,900,1815,12379
24.153.22.136,4/9/2019,684287,2190,104,156,307,286,315,1022
24.153.22.137,4/11/2019,684287,2231,112,177,290,282,345,1025
24.153.22.144,4/11/2019,684287,2176,102,167,293,287,339,988
24.153.22.153,4/10/2019,684287,2077,96,176,289,248,296,972
24.153.22.154,4/11/2019,684287,2165,123,153,297,270,329,993
24.153.23.8,4/7/2019,684287,2188,108,176,295,286,320,1003
24.153.23.9,4/11/2019,684287,2234,129,163,290,281,303,1068
24.153.23.15,4/10/2019,684287,2295,118,177,306,304,342,1048
24.153.23.25,4/10/2019,684287,2252,139,156,299,285,288,1085
24.153.23.26,4/9/2019,684287,2209,113,173,295,286,306,1036
24.158.63.8,4/11/2019,684287,8244,1466,488,1106,649,1003,3532
24.158.63.9,4/10/2019,684287,8470,1502,508,1141,703,1055,3561
24.158.63.28,4/9/2019,684287,2491,200,223,336,343,296,1093
24.158.63.29,4/12/2019,684287,2371,197,180,322,323,300,1049
24.158.96.10,4/12/2019,684287,8670,1068,729,1324,648,606,4295
24.158.96.130,4/12/2019,684287,19458,1277,991,2662,2320,2166,10042
24.159.193.40,4/12/2019,684287,13024,1701,306,524,949,1295,8249
24.176.125.6,4/11/2019,684287,2393,131,167,257,299,336,1203
24.177.176.38,4/12/2019,684287,13305,845,372,1666,1465,1161,7796
24.196.64.53,4/12/2019,684287,12071,1706,325,801,991,1058,7190
24.197.96.15,4/10/2019,684287,2741,354,167,458,335,297,1130
24.197.96.16,4/9/2019,684287,6604,333,300,1098,1025,634,3214
24.197.97.132,4/12/2019,684287,8776,1509,736,984,628,923,3996
24.197.97.134,4/11/2019,684287,2832,311,216,392,357,327,1229
24.197.97.136,4/12/2019,684287,9841,1741,828,1119,775,1027,4351
24.197.97.137,4/12/2019,684287,9836,1745,802,1128,783,1031,4347
24.197.160.17,4/11/2019,684287,13090,1476,1342,1457,1220,1404,6191
24.197.160.18,4/8/2019,684287,14903,1793,1430,1608,1443,1609,7020
24.197.160.61,4/11/2019,684287,1988,99,166,253,263,247,960
24.200.241.37,4/11/2019,684287,3262,1320,172,272,248,251,999
24.200.243.189,4/11/2019,684287,3409,1474,178,218,253,269,1017
24.201.245.77,4/9/2019,684287,3866,1465,169,280,310,306,1336
24.205.1.14,4/12/2019,684287,10356,1030,753,1359,1318,1103,4793
24.205.224.36,4/12/2019,684287,8098,682,751,1852,1013,574,3226
24.206.220.45,4/11/2019,684287,2045,120,163,266,262,260,974
24.212.0.7,4/10/2019,684287,4014,156,232,640,513,477,1996
24.212.0.8,4/9/2019,684287,3993,152,220,598,535,454,2034
24.217.0.3,4/12/2019,684287,20980,1494,649,2255,2717,3150,10715
24.217.0.4,4/12/2019,684287,21457,1553,666,2421,2668,3248,10901
24.222.0.33,4/7/2019,684287,4469,413,163,321,392,402,2778
24.222.0.75,4/10/2019,684287,2051,112,158,248,251,263,1019
24.237.132.5,4/11/2019,684287,13347,266,286,645,798,1323,10029
24.239.198.30,4/11/2019,684287,2145,96,149,283,269,250,1098
24.244.65.8,4/12/2019,684287,3121,101,158,295,336,457,1774
24.244.65.9,4/9/2019,684287,2021,113,141,265,267,237,998
24.244.175.2,4/11/2019,684287,24726,1096,4477,3939,2207,2010,10997
24.244.175.133,4/8/2019,684287,2064,120,172,271,250,253,998
24.247.15.53,4/12/2019,684287,15911,1385,951,1851,1389,1098,9237
24.247.24.53,4/12/2019,684287,14656,1056,524,1372,1722,1233,8749
35.8.2.45,4/10/2019,684287,60213,330,1180,5673,7382,8494,37154
35.9.20.10,4/5/2019,684287,21072,200,517,1956,3650,3930,10819
35.9.20.31,4/11/2019,684287,19451,215,516,2105,3672,3340,9603
38.96.4.10,4/8/2019,684287,1941,91,155,231,240,221,1003
38.100.136.136,4/10/2019,684287,1990,109,147,225,261,269,979
38.102.194.214,4/11/2019,684287,80951,1669,5041,11727,13488,12647,36379
38.116.192.11,4/8/2019,684287,6003,285,299,444,575,611,3789
38.119.98.220,4/12/2019,684287,92575,2239,4866,12124,13530,12733,47083
38.218.181.11,4/11/2019,684287,17869,146,383,952,2206,3151,11031
41.157.9.4,4/11/2019,684287,2328,147,278,272,294,234,1103
41.157.9.5,4/11/2019,684287,2283,141,251,249,266,273,1103
41.160.0.36,4/7/2019,684287,2388,330,207,261,260,279,1051
41.160.0.37,4/10/2019,684287,3035,324,223,346,352,351,1439
41.204.224.2,4/10/2019,684287,43387,467,1386,4881,6574,7798,22281
41.204.224.22,4/11/2019,684287,1901,101,132,193,240,231,1004
41.204.224.131,4/11/2019,684287,56260,520,1843,6742,9164,10141,27850
41.207.160.45,4/10/2019,684287,1873,90,141,234,220,239,949
41.207.177.17,4/10/2019,684287,1942,90,146,249,236,226,995
41.211.233.10,4/10/2019,684287,5229,138,222,437,481,562,3389
41.221.20.4,4/12/2019,684287,2767,827,165,265,251,262,997
43.224.255.1,4/11/2019,684287,1919,79,152,256,235,255,942
57.67.127.195,4/11/2019,684287,2013,91,130,276,250,241,1025
57.73.127.195,4/8/2019,684287,1960,96,155,251,246,239,973
58.6.115.42,4/10/2019,684287,3774,163,195,372,1197,550,1297
58.20.57.4,4/11/2019,684287,1924,96,141,249,243,223,972
58.20.127.170,4/12/2019,684287,12302,508,1924,1794,1603,1068,5405
58.22.96.66,4/8/2019,684287,2034,113,164,235,265,245,1012
58.28.4.2,4/9/2019,684287,2084,115,149,235,263,260,1062
58.28.6.2,4/11/2019,684287,2023,126,156,250,270,269,952
58.64.124.150,4/10/2019,684287,12894,1493,1578,2277,2054,1512,3980
58.69.254.3,4/11/2019,684287,2070,213,143,256,233,257,968
58.69.254.8,4/11/2019,684287,2107,225,135,224,251,253,1019
58.147.79.9,4/11/2019,684287,3131,303,270,518,406,348,1286
59.185.0.23,4/11/2019,684287,2229,323,135,251,219,242,1059
59.185.0.50,4/11/2019,684287,2287,349,153,254,247,256,1028
59.185.3.10,4/8/2019,684287,2377,364,159,261,227,259,1107
59.185.3.12,4/11/2019,684287,2288,374,156,242,259,251,1006
60.191.134.206,4/8/2019,684287,2189,207,145,262,268,281,1026
60.191.244.2,4/11/2019,684287,2406,219,159,310,282,279,1157
60.191.244.5,4/11/2019,684287,2382,221,166,291,273,264,1167
60.234.1.1,4/11/2019,684287,2023,176,155,257,229,229,977
61.1.96.69,4/11/2019,684287,5343,782,469,437,466,537,2652
61.1.96.71,4/11/2019,684287,8479,1252,792,672,682,837,4244
61.8.0.113,4/12/2019,684287,42573,5168,9091,3920,3496,4189,16709
61.9.133.193,4/12/2019,684287,5584,1577,1482,984,305,250,986
61.9.134.49,4/12/2019,684287,5539,1578,1431,974,319,225,1012
61.9.188.33,4/11/2019,684287,4088,408,895,891,638,282,974
61.9.194.49,4/12/2019,684287,5622,1792,1721,608,280,226,995
61.9.195.193,4/12/2019,684287,5414,1651,1619,666,294,234,950
61.9.207.1,4/10/2019,684287,3756,183,979,944,460,225,965
61.9.211.1,4/12/2019,684287,5694,1071,1207,1558,571,224,1063
61.9.211.33,4/12/2019,684287,5477,961,1186,1541,559,254,976
61.9.226.33,4/12/2019,684287,5650,1139,1127,1442,607,298,1037
61.9.242.33,4/12/2019,684287,5629,399,568,2374,529,733,1026
61.10.0.130,4/10/2019,684287,31860,1831,4385,7813,6922,4371,6538
61.10.1.130,4/10/2019,684287,31917,2020,4467,8038,6750,4283,6359
61.10.1.177,4/10/2019,684287,6420,339,561,1277,1323,893,2027
61.19.251.245,4/10/2019,684287,1875,105,123,195,214,237,1001
61.19.255.134,4/11/2019,684287,12587,726,1619,1770,2000,2067,4405
61.28.10.68,4/11/2019,684287,3185,115,187,390,377,372,1744
61.31.233.1,4/11/2019,684287,46344,2327,3928,10324,8944,7354,13467
61.56.211.185,4/10/2019,684287,52036,2040,4962,12214,9362,7499,15959
61.60.224.5,4/11/2019,684287,45182,1233,4050,10039,8543,6323,14994
61.63.0.66,4/12/2019,684287,76872,3718,7264,19026,13338,9310,24216
61.74.63.1,4/11/2019,684287,1925,89,155,241,228,247,965
61.122.116.147,4/11/2019,684287,33834,2101,2166,3678,5045,5774,15070
61.122.116.179,4/11/2019,684287,33923,2010,2186,3733,5082,5766,15146
61.128.97.73,4/11/2019,684287,1857,91,147,233,218,230,938
61.128.97.74,4/10/2019,684287,1874,84,150,211,240,232,957
61.128.99.133,4/8/2019,684287,1912,97,133,243,247,239,953
61.128.99.134,4/11/2019,684287,1844,85,147,232,228,216,936
61.128.114.133,4/11/2019,684287,2165,155,137,245,282,279,1067
61.128.114.166,4/10/2019,684287,2147,155,133,253,245,259,1102
61.128.128.66,4/11/2019,684287,1915,91,159,202,242,243,978
61.128.128.67,4/10/2019,684287,1906,109,123,238,258,226,952
61.128.128.68,4/10/2019,684287,1922,135,124,226,244,233,960
61.128.192.4,4/12/2019,684287,1839,87,120,217,224,262,929
61.128.192.68,4/11/2019,684287,1956,131,126,275,227,232,965
61.129.64.3,4/10/2019,684287,1790,79,130,225,213,228,915
61.129.73.196,4/10/2019,684287,1886,92,131,246,243,230,944
61.134.1.4,4/10/2019,684287,2019,165,148,238,246,233,989
61.135.159.46,4/10/2019,684287,26376,1449,1760,3003,3811,3886,12467
61.139.2.69,4/11/2019,684287,13105,451,793,1717,1987,2142,6015
61.139.39.73,4/10/2019,684287,11983,273,532,1401,1568,2122,6087
61.139.44.68,4/12/2019,684287,11413,276,565,1381,1656,1807,5728
61.139.54.66,4/10/2019,684287,12998,292,673,1617,1799,2123,6494
61.147.37.1,4/11/2019,684287,2223,320,169,267,241,250,976
61.152.82.18,4/10/2019,684287,6870,599,1002,760,698,625,3186
61.163.252.30,4/8/2019,684287,9250,254,490,998,1107,1163,5238
61.166.150.123,4/12/2019,684287,21280,431,1047,3578,3767,2965,9492
61.177.7.1,4/11/2019,684287,2267,334,181,253,264,253,982
61.178.40.8,4/11/2019,684287,9207,177,476,922,1076,1196,5360
61.187.91.18,4/10/2019,684287,8895,313,734,1441,1197,1235,3975
61.187.98.3,4/10/2019,684287,1748,81,138,228,220,207,874
61.187.98.6,4/10/2019,684287,1793,77,130,218,224,232,912
61.187.191.3,4/11/2019,684287,8333,279,590,1263,1174,1122,3905
61.195.194.26,4/10/2019,684287,1714,85,112,229,216,208,864
61.195.195.153,4/11/2019,684287,1688,84,125,226,199,224,830
61.218.2.2,4/11/2019,684287,1813,84,136,186,252,241,914
61.220.4.22,4/10/2019,684287,23405,522,1242,2472,3871,4358,10940
61.220.4.27,4/10/2019,684287,23536,489,1158,2510,3902,4402,11075
61.220.4.40,4/8/2019,684287,23592,526,1216,2605,3822,4451,10972
61.220.4.73,4/10/2019,684287,23470,486,1198,2527,3839,4393,11027
61.220.4.118,4/10/2019,684287,23035,481,1166,2513,3772,4308,10795
61.232.202.158,4/10/2019,684287,1771,76,138,236,201,206,914
61.234.254.5,4/10/2019,684287,13637,287,733,1655,1998,2449,6515
61.234.254.6,4/10/2019,684287,14200,289,735,1779,2077,2541,6779
61.235.70.98,4/11/2019,684287,2511,185,210,346,328,308,1134
61.236.93.33,4/10/2019,684287,19983,250,617,1623,2263,2702,12528
61.236.93.34,4/8/2019,684287,18403,208,565,1523,2111,2630,11366
61.247.0.8,4/10/2019,684287,6373,1491,1143,1116,531,517,1575
61.247.202.89,4/10/2019,684287,5217,142,235,434,530,658,3218
62.0.192.20,4/10/2019,684287,6341,469,215,440,540,601,4076
62.2.14.102,4/10/2019,684287,9783,232,570,1039,1000,1202,5740
62.2.17.60,4/11/2019,684287,2328,543,199,247,219,244,876
62.2.17.61,4/10/2019,684287,2326,547,165,233,243,250,888
62.2.24.158,4/12/2019,684287,2365,536,177,219,245,249,939
62.2.24.162,4/11/2019,684287,2338,546,187,228,240,236,901
62.3.32.16,4/11/2019,684287,63543,2410,7269,14312,11997,7901,19654
62.3.32.17,4/11/2019,684287,149926,5895,18954,35978,28933,16855,43311
62.4.16.70,4/10/2019,684287,1762,105,123,211,208,223,892
62.4.17.69,4/11/2019,684287,1748,83,131,218,216,190,910
62.6.40.162,4/12/2019,684287,40586,2248,3803,8542,7635,3931,14427
62.6.40.178,4/12/2019,684287,39467,2424,3513,8249,7617,3818,13846
62.8.96.38,4/11/2019,684287,190194,3470,13565,40589,40609,32262,59699
62.12.130.66,4/5/2019,684287,16095,588,732,1575,1930,1977,9293
62.24.128.17,4/10/2019,684287,5308,1590,274,960,757,516,1211
62.24.128.18,4/11/2019,684287,5499,1684,285,983,848,536,1163
62.24.199.13,4/11/2019,684287,5537,1721,271,1008,839,496,1202
62.24.199.23,4/11/2019,684287,1807,131,133,211,213,243,876
62.31.64.39,4/11/2019,684287,1739,93,132,223,197,191,903
62.31.112.39,4/11/2019,684287,1770,89,129,230,200,229,893
62.31.144.39,4/8/2019,684287,1683,96,108,196,207,224,852
62.31.176.39,4/11/2019,684287,1762,89,117,194,238,228,896
62.32.46.100,4/11/2019,684287,49207,327,1991,5028,8489,8877,24495
62.33.189.250,4/8/2019,684287,2966,96,174,340,311,338,1707
62.37.236.200,4/11/2019,684287,16652,1381,983,962,1133,1465,10728
62.37.237.140,4/12/2019,684287,2064,260,203,267,203,224,907
62.39.164.12,4/11/2019,684287,8870,160,366,991,704,813,5836
62.40.32.33,4/12/2019,684287,102307,1161,1531,4930,19182,32079,43424
62.40.32.34,4/12/2019,684287,100913,1102,1416,4804,17821,31528,44242
62.41.26.253,4/11/2019,684287,1647,62,133,196,211,216,829
62.42.230.24,4/11/2019,684287,2280,614,170,232,209,207,848
62.42.230.135,4/7/2019,684287,1753,75,116,203,224,214,921
62.42.230.136,4/12/2019,684287,1757,98,125,223,236,209,866
62.53.142.228,4/10/2019,684287,2648,238,271,453,351,339,996
62.53.180.102,4/12/2019,684287,3367,198,582,750,415,340,1082
62.53.206.3,4/10/2019,684287,1776,102,135,238,229,220,852
62.53.220.110,4/4/2019,684287,3357,326,491,658,421,346,1115
62.53.236.4,4/11/2019,684287,3983,799,983,601,308,300,992
62.53.247.120,4/8/2019,684287,2061,127,184,284,246,262,958
62.56.230.100,4/11/2019,684287,42779,549,353,867,1300,1813,37897
62.58.50.4,4/11/2019,684287,1757,85,124,245,233,200,870
62.58.50.5,4/12/2019,684287,2120,340,196,229,246,233,876
62.58.50.6,4/10/2019,684287,1991,271,185,228,231,215,861
62.58.62.132,4/12/2019,684287,1966,274,223,215,196,220,838
62.65.128.10,4/8/2019,684287,17879,393,794,1629,1883,2404,10776
62.65.128.15,4/10/2019,684287,17808,404,765,1635,1898,2422,10684
62.68.98.8,4/12/2019,684287,3507,261,241,378,344,400,1883
62.69.62.6,4/10/2019,684287,34275,3228,4415,5693,5330,3731,11878
62.69.62.7,4/11/2019,684287,34535,3079,4212,6003,5430,3807,12004
62.69.64.167,4/10/2019,684287,37534,206,561,1779,3640,4184,27164
62.69.212.14,4/10/2019,684287,13759,443,1560,818,950,1066,8922
62.72.64.237,4/12/2019,684287,24234,632,971,3323,3151,2967,13190
62.72.64.241,4/12/2019,684287,24229,634,987,3158,3224,2991,13235
62.81.16.129,4/11/2019,684287,3155,152,453,366,289,354,1541
62.91.2.20,4/11/2019,684287,71967,1207,5935,13837,12513,11362,27113
62.94.0.41,4/12/2019,684287,151146,7029,5318,7825,14638,35084,81252
62.94.0.42,4/12/2019,684287,150649,7026,5383,7841,14627,34628,81144
62.95.76.145,4/10/2019,684287,2284,103,139,233,244,390,1175
62.100.30.228,4/10/2019,684287,1708,87,129,209,216,224,843
62.100.30.244,4/9/2019,684287,1724,65,126,225,203,250,855
62.100.32.133,4/10/2019,684287,1668,87,118,189,235,225,814
62.101.93.101,4/10/2019,684287,4253,1265,324,424,410,394,1436
62.108.1.65,4/11/2019,684287,1603,73,134,202,213,214,767
62.108.1.66,4/11/2019,684287,1687,72,126,207,214,230,838
62.117.40.112,4/11/2019,684287,40547,719,697,1212,1761,2468,33690
62.128.175.14,4/11/2019,684287,62131,1034,5702,10167,9056,9604,26568
62.128.175.15,4/11/2019,684287,63185,1040,5644,10174,9256,9617,27454
62.133.126.28,4/10/2019,684287,2104,344,260,290,201,214,795
62.133.126.29,4/11/2019,684287,2097,350,249,264,217,225,792
62.134.11.4,4/12/2019,684287,183294,1221,5821,24814,39497,49400,62541
62.141.0.1,4/11/2019,684287,4434,188,173,366,407,493,2807
62.141.0.2,4/11/2019,684287,4390,177,183,333,379,469,2849
62.141.58.13,4/11/2019,684287,14318,194,556,1579,1839,1940,8210
62.145.68.100,4/12/2019,684287,4800,74,167,294,304,361,3600
62.145.128.1,4/10/2019,684287,1872,100,98,240,217,218,999
62.148.192.130,4/11/2019,684287,1696,141,132,200,216,204,803
62.150.103.3,4/12/2019,684287,3218,133,208,351,365,340,1821
62.151.2.8,4/10/2019,684287,14836,1430,826,783,1000,1256,9541
62.151.8.100,4/10/2019,684287,16661,1650,942,944,1124,1510,10491
62.153.158.62,4/9/2019,684287,20814,196,602,2123,2400,2368,13125
62.165.32.250,4/10/2019,684287,42023,1654,2267,1757,1612,2232,32501
62.165.33.250,4/11/2019,684287,42588,1778,2189,1705,1584,2279,33053
62.166.128.10,4/11/2019,684287,1700,89,117,223,221,209,841
62.169.194.10,4/8/2019,684287,2160,135,150,240,239,254,1142
62.169.194.11,4/10/2019,684287,2243,143,166,257,248,260,1169
62.169.194.17,4/11/2019,684287,1699,83,132,213,210,196,865
62.169.194.18,4/11/2019,684287,1665,70,121,208,184,218,864
62.171.194.100,4/11/2019,684287,10553,754,1508,2201,1663,1104,3323
62.171.194.105,4/10/2019,684287,10637,946,1589,2093,1541,1135,3333
62.172.176.80,4/8/2019,684287,7603,109,197,373,774,1820,4330
62.177.144.11,4/10/2019,684287,1803,118,174,212,228,205,866
62.183.50.230,4/12/2019,684287,27923,1107,920,942,1036,1685,22233
62.189.34.83,4/10/2019,684287,1610,74,112,216,199,225,784
62.192.128.60,4/11/2019,684287,57139,303,683,2101,3971,7394,42687
62.196.2.70,4/12/2019,684287,64342,4834,4317,7080,9966,14236,23909
62.201.129.99,4/12/2019,684287,2215,344,229,230,261,226,925
62.201.159.99,4/12/2019,684287,2028,358,190,212,235,198,835
62.204.64.101,4/11/2019,684287,72708,3220,4903,10822,14054,13047,26662
62.209.175.66,4/11/2019,684287,1664,76,166,206,217,191,808
62.209.175.70,4/10/2019,684287,1796,103,150,229,242,211,861
62.211.69.150,4/10/2019,684287,15966,434,1124,3185,2377,2110,6736
62.212.64.121,4/10/2019,684287,1578,83,123,195,214,196,767
62.212.64.122,4/10/2019,684287,2035,188,178,283,255,249,882
62.212.65.123,4/11/2019,684287,2079,179,182,313,276,232,897
62.213.0.12,4/12/2019,684287,1795,179,140,211,228,205,832
62.215.6.4,4/8/2019,684287,1786,128,126,218,210,207,897
62.215.6.5,4/10/2019,684287,1735,124,125,187,231,215,853
62.215.6.51,4/11/2019,684287,1867,139,134,215,213,219,947
62.215.6.52,4/10/2019,684287,1663,123,126,184,212,219,799
62.216.31.55,4/10/2019,684287,1642,81,118,220,221,187,815
62.217.132.65,4/11/2019,684287,1826,98,168,228,202,211,919
62.219.186.194,4/11/2019,684287,1666,73,107,199,215,212,860
62.220.18.8,4/12/2019,684287,24232,658,1030,3214,3184,2938,13208
62.231.32.10,4/9/2019,684287,1696,121,125,226,197,188,839
62.231.32.11,4/10/2019,684287,1780,114,127,208,233,220,878
62.231.76.49,4/9/2019,684287,78640,1560,2840,2605,3310,6454,61871
62.231.96.2,4/10/2019,684287,3124,137,406,417,359,320,1485
62.233.128.17,4/12/2019,684287,140541,4728,3389,7046,13851,37146,74381
62.236.57.120,4/11/2019,684287,7999,897,933,1264,929,950,3026
62.240.32.5,4/11/2019,684287,5495,512,513,574,540,563,2793
62.240.110.92,4/10/2019,684287,1726,110,113,206,187,232,878
62.240.110.197,4/10/2019,684287,1742,209,136,199,188,182,828
62.240.110.218,4/10/2019,684287,2621,161,196,282,261,288,1433
62.241.162.35,4/11/2019,684287,1661,71,119,239,232,185,815
62.241.163.200,4/12/2019,684287,1806,188,127,218,247,215,811
62.241.163.201,4/10/2019,684287,2605,329,269,431,413,257,906
62.243.190.7,4/12/2019,684287,87071,2463,4482,7303,13510,20241,39072
62.243.190.8,4/10/2019,684287,87547,2501,4488,7353,13505,20343,39357
62.244.176.176,4/2/2019,684287,1727,93,149,216,198,225,846
62.244.177.177,4/10/2019,684287,1621,84,123,196,213,184,821
62.248.102.190,4/11/2019,684287,1980,215,213,213,233,207,899
62.251.0.6,4/12/2019,684287,1630,84,132,193,202,233,786
62.251.0.7,4/11/2019,684287,1665,87,125,204,204,212,833
63.64.9.11,4/8/2019,684287,1622,98,133,215,203,198,775
63.64.9.12,4/11/2019,684287,1551,82,102,222,202,202,741
63.64.9.19,4/11/2019,684287,1678,116,114,200,216,220,812
63.66.160.10,3/30/2019,684287,1681,91,139,212,205,220,814
63.81.21.2,4/9/2019,684287,1585,67,122,208,179,177,832
63.81.21.6,4/8/2019,684287,1552,62,111,197,203,202,777
63.90.67.10,4/12/2019,684287,1729,128,111,230,228,188,844
63.91.110.178,4/11/2019,684287,34787,307,551,2745,5617,5476,20091
63.139.151.119,4/11/2019,684287,56742,1159,2687,6488,9357,8187,28864
63.146.122.11,4/12/2019,684287,185842,3848,8929,20917,24424,21306,106418
63.148.166.213,4/11/2019,684287,11738,198,879,3096,1536,1137,4892
63.161.65.1,4/10/2019,684287,3720,105,136,306,411,474,2288
63.166.158.194,4/11/2019,684287,1587,82,130,201,191,186,797
63.171.232.38,4/12/2019,684287,52372,418,735,2007,2956,4312,41944
63.171.232.39,4/12/2019,684287,53667,429,720,2061,3092,4418,42947
63.214.241.10,4/8/2019,684287,15109,149,284,1033,2308,3825,7510
63.218.44.186,4/10/2019,684287,208675,8514,11139,26445,32666,27274,102637
63.238.52.1,4/10/2019,684287,86056,456,2708,8532,7355,9081,57924
63.238.52.2,4/11/2019,684287,86785,477,2655,8563,7543,9258,58289
63.240.1.42,4/12/2019,684287,20246,539,1420,2862,2481,2628,10316
63.240.1.43,4/9/2019,684287,13507,454,1164,2468,1865,1889,5667
63.240.1.44,4/11/2019,684287,19939,595,1453,2872,2428,2663,9928
63.240.76.4,4/12/2019,684287,1669,88,118,197,195,222,849
63.240.76.198,4/11/2019,684287,1605,73,141,197,194,198,802
63.245.32.11,4/10/2019,684287,1596,85,129,199,207,190,786
63.246.63.142,4/11/2019,684287,86856,512,2543,9424,10065,10000,54312
63.246.64.8,4/11/2019,684287,6689,94,147,389,745,1546,3768
63.246.64.9,4/10/2019,684287,6671,92,158,359,703,1625,3734
63.247.192.19,4/10/2019,684287,4720,392,370,355,408,446,2749
63.249.32.22,4/11/2019,684287,20579,416,1088,3073,3395,2257,10350
63.251.129.1,4/12/2019,684287,300087,3094,6857,19884,31849,34854,203549
63.251.161.1,4/12/2019,684287,158879,5421,8949,6936,19735,22808,95030
63.251.161.33,4/12/2019,684287,158816,5358,8989,6896,19925,22899,94749
64.0.55.201,4/9/2019,684287,55782,593,2973,8426,8258,7587,27945
64.13.0.5,4/9/2019,684287,22493,226,464,2553,2535,2186,14529
64.13.24.5,4/10/2019,684287,35594,611,522,1934,3380,4148,24999
64.13.32.5,4/10/2019,684287,36171,175,661,2559,5522,5319,21935
64.13.36.5,4/11/2019,684287,2135,168,136,208,272,250,1101
64.13.40.5,4/11/2019,684287,1642,75,110,206,211,211,829
64.13.48.12,4/11/2019,684287,100401,7089,4491,4337,10356,13891,60237
64.13.50.100,4/11/2019,684287,12223,1490,1111,1288,608,698,7028
64.13.64.5,4/11/2019,684287,1675,67,140,228,194,207,839
64.15.64.91,4/10/2019,684287,16542,640,604,1518,1462,1717,10601
64.19.76.8,4/10/2019,684287,7716,95,181,371,539,1177,5353
64.19.76.10,4/10/2019,684287,6017,83,144,325,382,522,4561
64.20.26.17,4/10/2019,684287,30605,194,594,2883,3317,3152,20465
64.20.26.145,4/11/2019,684287,25955,167,402,2120,2926,2745,17595
64.21.232.2,4/11/2019,684287,3907,114,166,294,364,479,2490
64.30.60.2,4/11/2019,684287,1912,72,115,209,206,257,1053
64.30.215.129,4/10/2019,684287,31372,462,1783,5246,3687,4556,15638
64.31.84.1,4/10/2019,684287,1562,80,105,187,184,202,804
64.31.133.194,4/11/2019,684287,1504,82,121,183,170,180,768
64.37.182.132,4/11/2019,684287,6257,165,414,1125,843,834,2876
64.37.182.133,4/11/2019,684287,6125,156,437,1010,863,798,2861
64.39.212.138,4/11/2019,684287,11129,459,256,384,543,954,8533
64.39.212.139,4/10/2019,684287,11116,481,264,393,560,925,8493
64.46.64.254,4/11/2019,684287,1544,82,129,199,194,190,750
64.55.144.10,4/10/2019,684287,1568,71,101,191,195,218,792
64.56.129.2,4/11/2019,684287,65041,480,1063,2330,4397,6838,49933
64.58.4.2,4/11/2019,684287,27937,1942,544,891,1924,2794,19842
64.58.15.2,4/10/2019,684287,30151,2174,444,1079,2159,3459,20836
64.59.135.133,4/11/2019,684287,4805,1598,384,1148,499,367,809
64.59.135.143,4/12/2019,684287,4819,1570,368,1160,541,381,799
64.59.135.145,4/11/2019,684287,4912,1592,404,1180,529,353,854
64.59.144.16,4/10/2019,684287,4835,1800,1079,448,317,252,939
64.59.144.17,4/10/2019,684287,4814,1754,1092,449,303,229,987
64.59.144.18,4/12/2019,684287,4860,1751,1115,465,332,249,948
64.59.144.92,4/9/2019,684287,4873,1704,1197,454,299,266,953
64.59.160.13,4/11/2019,684287,4837,593,1956,636,304,341,1007
64.59.168.13,4/11/2019,684287,4850,892,939,1271,538,291,919
64.59.176.13,4/10/2019,684287,4882,656,831,781,833,428,1353
64.59.184.13,4/10/2019,684287,4854,1500,321,1274,519,386,854
64.61.99.2,4/10/2019,684287,56370,333,1205,4042,7736,8593,34461
64.65.64.17,4/10/2019,684287,1612,85,123,224,203,176,801
64.68.200.200,4/10/2019,684287,32372,2447,2306,1853,2555,3238,19973
64.69.67.228,4/10/2019,684287,1594,75,118,205,203,193,800
64.69.71.11,4/11/2019,684287,1549,71,108,192,211,188,779
64.69.98.35,4/12/2019,684287,5269,121,144,241,578,780,3405
64.69.100.68,4/12/2019,684287,4936,105,136,249,561,710,3175
64.71.255.198,4/10/2019,684287,5589,2420,735,333,275,272,1554
64.72.224.34,4/10/2019,684287,34042,1086,1419,2299,2628,3208,23402
64.75.176.66,4/10/2019,684287,1546,90,126,164,181,196,789
64.79.200.111,4/11/2019,684287,1544,78,122,188,196,209,751
64.79.200.113,4/7/2019,684287,1525,69,130,194,183,184,765
64.80.203.194,4/12/2019,684287,111717,390,1039,4438,11194,17799,76857
64.80.255.240,4/12/2019,684287,114760,408,1529,5486,10664,16466,80207
64.80.255.251,4/12/2019,684287,102866,387,1552,5265,9518,14449,71695
64.81.45.2,4/12/2019,684287,63568,1574,4208,8793,9671,8257,31065
64.81.79.2,4/12/2019,684287,76908,2051,4432,14385,16060,8865,31115
64.81.111.2,4/1/2019,684287,6044,396,533,599,913,722,2881
64.81.127.2,4/12/2019,684287,139757,3515,9417,16848,15469,19796,74712
64.81.159.2,4/12/2019,684287,172714,7200,14808,21398,21666,25257,82385
64.85.177.10,4/11/2019,684287,61626,300,1629,6986,6659,7241,38811
64.85.177.11,4/5/2019,684287,60678,289,1509,6649,6679,7172,38380
64.85.239.20,4/11/2019,684287,8636,174,444,1122,1034,1279,4583
64.90.209.53,4/10/2019,684287,11692,121,185,421,677,1147,9141
64.91.3.60,4/11/2019,684287,43599,639,729,2035,3855,4921,31420
64.91.89.2,4/11/2019,684287,38906,265,1164,3924,3530,4080,25943
64.91.92.22,4/11/2019,684287,50143,460,2318,5531,4173,5703,31958
64.94.1.1,4/12/2019,684287,311013,11542,24880,35887,31974,31706,175024
64.94.33.1,4/12/2019,684287,310644,11822,19927,28876,31861,40754,177404
64.94.33.33,4/12/2019,684287,310710,12157,19866,28690,31912,40504,177581
64.102.255.43,4/11/2019,684287,21587,1255,554,1435,2245,2305,13793
64.102.255.44,4/11/2019,684287,20576,1208,515,1442,2117,2193,13101
64.105.97.90,4/12/2019,684287,119456,2774,6919,10750,9957,17799,71257
64.105.156.138,4/12/2019,684287,61931,918,564,4130,12204,11110,33005
64.105.159.250,4/12/2019,684287,132064,1228,4116,21663,26482,22308,56267
64.105.163.106,4/12/2019,684287,47470,3285,3374,2475,8102,7368,22866
64.105.172.26,4/11/2019,684287,37113,1129,2668,8027,8289,5787,11213
64.105.179.138,4/12/2019,684287,83394,957,1622,11120,11735,11203,46757
64.105.189.26,4/12/2019,684287,150009,7558,14331,19180,17686,22691,68563
64.105.199.74,4/12/2019,684287,128791,1620,6482,18460,25096,20882,56251
64.105.199.76,4/12/2019,684287,130416,1716,6703,18786,26014,21045,56152
64.105.202.138,4/12/2019,684287,108543,3446,6625,10227,13323,15670,59252
64.119.60.5,4/12/2019,684287,253179,1004,2721,17609,26511,30734,174600
64.119.60.9,4/12/2019,684287,244117,886,2536,16641,25495,29736,168823
64.119.104.3,4/10/2019,684287,1573,78,117,204,193,215,766
64.119.104.130,4/11/2019,684287,1511,59,116,216,178,189,753
64.126.133.1,4/11/2019,684287,14481,120,429,1817,1425,1622,9068
64.126.155.1,4/10/2019,684287,9211,114,237,1112,1003,945,5800
64.127.100.11,4/12/2019,684287,26114,334,906,2784,3937,5989,12164
64.128.144.5,4/12/2019,684287,6826,73,165,413,841,739,4595
64.129.67.100,4/12/2019,684287,1524,76,111,176,198,198,765
64.129.67.101,4/8/2019,684287,2343,137,138,210,213,264,1381
64.129.67.102,4/4/2019,684287,1627,84,140,219,199,209,776
64.129.67.103,4/11/2019,684287,1617,89,121,189,201,204,813
64.129.67.104,4/11/2019,684287,1491,74,110,177,179,179,772
64.129.67.105,4/12/2019,684287,1503,74,106,172,196,178,777
64.130.108.18,4/12/2019,684287,9511,154,361,930,1212,1107,5747
64.131.31.2,4/12/2019,684287,1571,83,138,173,201,222,754
64.135.2.250,4/8/2019,684287,42236,2825,5891,5085,4202,4370,19863
64.136.44.73,4/6/2019,684287,340767,3781,14209,42918,53841,42070,183948
64.136.52.73,4/12/2019,684287,164993,1331,2998,15047,23135,21855,100627
64.136.164.77,4/11/2019,684287,29230,154,341,1059,1907,2891,22878
64.136.173.5,4/11/2019,684287,27061,175,295,943,1571,2612,21465
64.140.128.10,4/11/2019,684287,23816,138,306,1058,2436,3754,16124
64.140.128.11,4/11/2019,684287,19355,110,256,819,1786,3155,13229
64.140.192.60,4/12/2019,684287,4185,108,142,294,319,318,3004
64.146.192.16,4/9/2019,684287,4898,151,453,705,650,510,2429
64.173.195.2,4/11/2019,684287,13650,143,214,484,773,987,11049
64.184.32.2,4/11/2019,684287,18867,130,252,579,1069,2079,14758
64.186.192.2,4/11/2019,684287,14203,150,318,690,1018,1292,10735
64.187.29.134,4/12/2019,684287,210107,4651,4671,9804,22379,20039,148563
64.191.128.10,4/10/2019,684287,19010,402,280,680,1760,3718,12170
64.191.128.101,4/9/2019,684287,19079,425,302,688,1737,3639,12288
64.191.212.32,4/10/2019,684287,1548,62,111,201,185,191,798
64.192.0.10,4/12/2019,684287,27494,150,378,1714,3932,4262,17058
64.193.87.67,4/9/2019,684287,3580,83,126,243,242,321,2565
64.203.254.30,4/10/2019,684287,17828,168,445,2144,1760,1741,11570
64.207.238.250,4/12/2019,684287,34650,346,543,2757,4953,5502,20549
64.212.106.84,4/12/2019,684287,346429,20883,53016,73028,45334,33786,120382
64.215.98.148,4/12/2019,684287,300050,26708,66041,90674,43566,26105,46956
64.218.170.254,4/11/2019,684287,14223,115,279,1120,2178,2103,8428
64.222.84.243,4/12/2019,684287,16543,365,312,846,1378,1641,12001
64.222.165.243,4/11/2019,684287,19007,582,324,769,1075,1548,14709
64.222.212.243,4/12/2019,684287,19365,375,366,893,1426,1927,14378
64.233.128.10,4/7/2019,684287,22691,137,306,978,1700,2981,16589
64.233.128.11,4/12/2019,684287,22485,166,308,996,1627,3048,16340
64.233.207.2,4/12/2019,684287,61007,826,2287,9459,5971,5617,36847
64.233.207.16,4/12/2019,684287,64821,982,2640,10377,6152,5939,38731
64.242.250.9,4/12/2019,684287,7879,306,715,1451,1025,959,3423
64.251.68.10,4/11/2019,684287,2412,84,162,269,285,423,1189
64.254.100.20,4/12/2019,684287,58703,1279,4408,8691,8349,8163,27813
64.255.237.240,4/12/2019,684287,7443,191,409,868,743,546,4686
64.255.237.241,4/8/2019,684287,7542,187,397,904,699,541,4814
64.255.237.246,4/11/2019,684287,7502,190,402,909,748,505,4748
64.255.237.247,4/11/2019,684287,7561,190,407,878,757,551,4778
64.255.245.10,4/11/2019,684287,1668,98,119,219,196,225,811
64.255.245.11,4/8/2019,684287,1624,76,119,198,191,189,851
65.24.0.171,4/11/2019,684049,1559,81,130,198,192,183,775
65.24.0.172,4/8/2019,684049,1641,77,127,199,202,226,810
65.32.3.74,4/8/2019,684287,1570,80,123,185,218,198,766
65.32.5.74,4/11/2019,684287,9549,2530,283,486,820,695,4735
65.32.5.111,4/10/2019,684287,12027,2973,299,658,1201,942,5954
65.32.5.112,4/11/2019,684287,12474,3026,315,763,1276,882,6212
65.38.1.2,4/11/2019,684287,19534,624,403,1225,1839,4522,10921
65.38.1.4,4/11/2019,684287,17188,589,376,817,1674,4094,9638
65.39.104.1,4/11/2019,684287,1501,63,110,185,185,212,746
65.39.196.215,4/11/2019,684287,1501,68,95,180,189,208,761
65.54.238.69,4/11/2019,684287,18187,750,1579,2156,3574,3271,6857
65.68.49.50,4/12/2019,684287,54847,1036,2859,7400,7170,7300,29082
65.68.49.51,4/12/2019,684287,55176,1343,3234,7826,7376,7400,27997
65.73.172.4,4/11/2019,684287,41617,182,414,1391,2814,4823,31993
65.74.130.5,4/11/2019,684287,151254,556,2396,16214,27920,17962,86206
65.74.130.6,4/10/2019,684287,69616,406,1367,7510,12908,9455,37970
65.74.141.197,4/11/2019,684287,1476,77,112,171,195,180,741
65.77.164.5,4/11/2019,684287,2224,79,121,229,243,242,1310
65.88.88.2,4/11/2019,684287,40024,1838,3604,6123,5838,5474,17147
65.90.11.8,4/11/2019,684287,14415,105,217,552,1089,2994,9458
65.112.145.66,4/11/2019,684287,4112,95,163,302,448,643,2461
65.114.168.20,4/10/2019,684287,1624,82,124,205,210,205,798
65.116.91.21,4/11/2019,684287,1536,61,120,188,195,200,772
65.117.136.3,4/5/2019,684287,1549,74,129,213,204,205,724
65.160.225.8,4/11/2019,684287,22406,155,332,1565,2960,3118,14276
65.162.184.33,4/11/2019,684287,1645,123,123,193,207,198,801
65.163.107.11,4/9/2019,684287,104737,720,572,2216,5987,8941,86301
65.174.123.164,4/6/2019,684287,1578,79,130,198,178,203,790
65.175.90.2,4/9/2019,684287,5944,113,160,491,1473,1181,2526
65.175.128.47,4/12/2019,684287,21340,309,371,997,1461,2274,15928
65.175.128.240,4/12/2019,684287,19295,279,254,783,1198,1863,14918
65.182.32.146,4/9/2019,684287,4850,569,604,586,418,468,2205
65.182.169.10,4/11/2019,684287,1644,72,135,184,208,219,826
65.183.0.86,4/12/2019,684287,11258,312,510,1355,1431,1152,6498
65.183.98.90,4/12/2019,684287,215439,912,2739,16639,22358,24015,148776
65.196.203.13,4/11/2019,684287,6593,143,154,542,1418,1593,2743
65.196.203.193,4/11/2019,684287,2285,83,116,231,274,401,1180
65.196.203.194,4/10/2019,684287,2271,80,138,203,268,387,1195
65.204.194.12,4/12/2019,684287,1428,71,96,177,166,206,712
65.208.122.36,4/8/2019,684287,1633,120,141,202,192,200,778
65.208.122.70,4/11/2019,684287,1589,121,127,160,209,162,810
65.247.145.15,4/11/2019,684287,1491,73,125,169,174,194,756
65.255.98.252,4/10/2019,684287,16823,167,352,937,1416,2123,11828
66.3.192.66,4/8/2019,684287,20243,107,273,933,2009,3206,13715
66.6.65.5,4/12/2019,684287,3245,113,127,218,367,440,1980
66.7.142.78,4/9/2019,684287,65056,524,2543,8439,12962,11890,28698
66.7.160.122,4/11/2019,684287,129789,1962,6637,19018,24540,18910,58722
66.7.201.45,4/10/2019,684287,14812,1015,1920,2521,2038,1380,5938
66.8.94.93,4/11/2019,684287,1685,154,183,196,182,177,793
66.9.182.1,4/11/2019,684287,137945,2981,9557,16025,15843,18968,74571
66.18.32.2,4/5/2019,684287,33404,354,1287,5100,3344,3232,20087
66.18.32.3,4/10/2019,684287,33526,374,1257,5131,3275,3356,20133
66.18.176.162,4/10/2019,684287,3708,83,129,263,460,572,2201
66.28.0.45,4/12/2019,684287,482360,29877,66927,119874,98430,62715,104537
66.28.28.210,4/11/2019,684287,38276,976,2665,5338,3899,4954,20444
66.36.120.1,4/11/2019,684287,2640,77,237,262,269,271,1524
66.36.230.189,4/11/2019,684287,12062,139,375,1249,1835,2079,6385
66.36.250.14,4/11/2019,684287,1475,65,96,194,185,197,738
66.37.236.22,4/10/2019,684287,4259,180,147,306,338,537,2751
66.38.192.233,4/10/2019,684287,90248,395,2303,4061,7045,9092,67352
66.38.212.248,4/10/2019,684287,1460,70,100,186,191,193,720
66.44.144.10,4/11/2019,684287,6868,148,172,402,409,544,5193
66.49.220.95,4/9/2019,684287,16094,330,859,952,1653,1687,10613
66.51.128.240,4/8/2019,684287,30674,1300,3292,2463,1869,3424,18326
66.51.128.241,4/11/2019,684287,29791,1325,3195,2497,1670,3169,17935
66.51.205.100,4/12/2019,684287,96443,2566,6656,14326,13698,11696,47501
66.51.206.100,4/8/2019,684287,175036,3031,9630,21064,23264,21062,96985
66.51.206.102,4/6/2019,684287,1513,64,133,179,197,187,753
66.59.235.1,4/11/2019,684287,31527,409,1839,5132,3793,4598,15756
66.63.192.2,4/11/2019,684287,49597,492,580,3006,6639,7544,31336
66.71.191.35,4/11/2019,684287,3439,119,186,629,486,442,1577
66.75.160.38,4/12/2019,684287,23313,635,677,2455,2614,2959,13973
66.75.160.39,4/12/2019,684287,24975,651,736,2670,2729,3270,14919
66.75.164.5,4/12/2019,684049,1528,76,109,189,169,199,786
66.77.220.70,4/9/2019,684287,24883,760,2112,2641,4346,5151,9873
66.78.202.254,4/10/2019,684287,30666,178,748,2860,5396,3821,17663
66.80.130.18,4/12/2019,684287,82886,1091,4776,17327,18346,7772,33574
66.80.130.35,4/11/2019,684287,44605,896,1667,2306,3752,5616,30368
66.81.0.251,4/12/2019,684287,108959,459,1266,6591,15040,13440,72163
66.81.0.252,4/11/2019,684287,71916,306,861,3901,8984,9173,48691
66.81.1.252,4/11/2019,684287,64063,350,1652,7963,10180,8474,35444
66.90.130.10,4/9/2019,684287,13335,289,294,741,1591,3053,7367
66.90.133.117,4/12/2019,684287,14541,300,301,770,1710,3307,8153
66.90.138.145,4/11/2019,684287,1660,167,169,202,194,191,737
66.92.64.2,4/12/2019,684287,137965,2189,5687,14876,19840,20680,74693
66.92.159.2,4/12/2019,684287,157804,1565,6114,21012,30674,28025,70414
66.92.224.2,4/12/2019,684287,154484,2195,7317,23294,25879,25024,70775
66.93.87.2,4/12/2019,684287,109988,3362,3871,8451,16722,14113,63469
66.94.9.120,4/11/2019,684287,1618,66,96,210,192,212,842
66.94.25.120,4/4/2019,684287,1995,91,93,198,202,197,1214
66.109.229.4,4/12/2019,684287,68187,362,632,2702,7755,10844,45892
66.109.229.6,4/12/2019,684287,58290,341,601,2360,6414,9160,39414
66.110.61.66,4/10/2019,684287,1362,62,108,181,163,171,677
66.111.113.7,4/11/2019,684287,4862,120,194,321,296,337,3594
66.111.113.8,4/12/2019,684287,4672,101,183,272,275,334,3507
66.112.11.87,4/11/2019,684287,36053,612,801,2025,4938,5827,21850
66.112.11.88,4/10/2019,684287,36361,616,758,2075,4778,5906,22228
66.115.210.4,4/11/2019,684287,1541,82,97,181,203,208,770
66.115.210.5,4/11/2019,684287,1515,88,110,182,194,187,754
66.117.136.5,4/8/2019,684287,1495,57,118,191,182,179,768
66.117.136.6,4/11/2019,684287,1625,86,121,213,231,200,774
66.118.80.4,4/12/2019,684287,129314,1088,1199,5477,14127,20718,86705
66.118.80.5,4/12/2019,684287,111102,1057,1127,5006,13665,18982,71265
66.119.93.4,4/11/2019,684287,48409,518,2559,7269,5006,4659,28398
66.119.95.4,4/9/2019,684287,7711,181,681,1449,1087,850,3463
66.119.189.138,4/11/2019,684287,11150,699,1339,1242,627,812,6431
66.128.32.68,4/11/2019,684287,1500,75,111,182,187,201,744
66.128.32.70,4/8/2019,684287,1646,113,124,204,199,190,816
66.128.32.82,4/10/2019,684287,1547,59,115,176,203,184,810
66.128.240.7,4/11/2019,684287,7047,113,243,737,910,646,4398
66.128.240.8,4/11/2019,684287,7120,111,256,759,929,645,4420
66.129.161.251,4/10/2019,684287,6070,212,913,593,632,786,2934
66.133.111.200,4/9/2019,684287,23423,515,784,794,1138,2110,18082
66.133.150.12,4/12/2019,684287,46394,239,518,2902,5822,6198,30715
66.133.170.2,4/11/2019,684287,40519,240,355,1142,2364,4715,31703
66.135.16.4,4/11/2019,684287,6318,90,112,295,401,604,4816
66.146.160.13,4/9/2019,684287,21448,333,451,2218,3594,2255,12597
66.151.145.1,4/12/2019,684287,179710,3221,7920,25050,27021,21087,95411
66.153.50.66,4/12/2019,684287,52245,266,941,2926,4293,6600,37219
66.153.128.98,4/10/2019,684287,1576,121,103,194,193,174,791
66.158.128.11,4/6/2019,684287,2579,121,148,220,296,337,1457
66.158.128.131,4/10/2019,684287,2571,115,137,260,270,321,1468
66.163.0.161,4/12/2019,684287,296409,8984,7456,12603,26874,28852,211640
66.163.0.173,4/12/2019,684287,298333,9103,7305,12825,27110,29187,212803
66.165.46.82,4/11/2019,684287,1523,77,105,206,205,203,727
66.165.160.179,4/4/2019,684287,11109,1250,2274,1368,1175,1160,3882
66.165.160.180,4/11/2019,684287,11215,1229,2368,1414,1195,1179,3830
66.169.79.202,4/6/2019,684287,1933,78,165,221,296,245,928
66.175.131.32,4/11/2019,684287,1615,82,108,217,188,213,807
66.178.152.10,4/12/2019,684287,111835,804,5283,4893,12865,15651,72339
66.178.167.3,4/12/2019,684287,84775,290,1440,4285,6170,14221,58369
66.179.12.115,4/11/2019,684287,49813,590,2960,5562,4702,5328,30671
66.182.128.1,4/10/2019,684287,1805,76,134,244,220,211,920
66.182.208.5,4/12/2019,684287,255826,1796,7376,24878,29039,38771,153966
66.187.16.5,4/11/2019,684287,4919,142,202,427,549,615,2984
66.187.16.6,4/10/2019,684287,3712,118,151,324,439,522,2158
66.189.0.5,4/12/2019,684287,15628,1057,241,461,1123,1551,11195
66.189.0.29,4/12/2019,684287,14807,1025,223,472,1106,1456,10525
66.189.0.30,4/12/2019,684287,15637,1067,241,478,1154,1522,11175
66.189.130.5,4/11/2019,684287,1768,91,101,197,187,233,959
66.189.132.4,4/11/2019,684287,2333,80,129,255,275,280,1314
66.193.182.139,4/9/2019,684287,16556,165,203,598,1419,2783,11388
66.195.129.11,4/8/2019,684287,30323,244,1210,7066,5073,2598,14132
66.199.112.2,4/1/2019,684287,1475,74,119,189,179,176,738
66.199.228.254,4/10/2019,684287,9230,222,632,1502,1401,1214,4259
66.203.66.203,4/3/2019,684287,237679,2067,4719,13492,24929,30717,161755
66.203.72.10,4/11/2019,684287,159959,1067,2813,8202,16001,20138,111738
66.209.10.201,4/11/2019,684287,1538,76,131,181,187,205,758
66.209.10.202,4/11/2019,684287,1471,70,97,175,184,194,751
66.209.96.106,4/11/2019,684287,90522,1248,5138,12030,11145,10267,50694
66.209.192.5,4/11/2019,684287,19949,120,501,1521,4300,4386,9121
66.212.194.11,4/11/2019,684287,1646,84,98,200,210,191,863
66.214.48.27,4/11/2019,684287,9255,192,309,714,1590,1101,5349
66.215.64.14,4/11/2019,684287,4809,802,492,735,583,477,1720
66.216.18.222,4/12/2019,684287,244410,7044,18163,30498,25059,27316,136330
66.218.44.5,4/12/2019,684287,172549,2071,6427,22423,26699,20685,94244
66.218.245.10,4/10/2019,684287,2067,62,131,221,217,244,1192
66.223.232.198,4/9/2019,684287,8445,205,149,344,503,731,6513
66.234.185.2,4/5/2019,684287,33493,238,482,2441,6398,4130,19804
66.240.48.9,4/10/2019,684287,1495,72,97,168,216,168,774
66.242.160.5,4/12/2019,684287,30725,173,503,2863,6065,5755,15366
66.242.160.6,4/10/2019,684287,25444,121,414,2171,4861,5105,12772
66.244.95.20,4/11/2019,684287,19745,129,273,957,2774,4445,11167
66.246.218.29,4/5/2019,684287,2326,81,143,282,324,309,1187
66.252.170.3,4/12/2019,684287,97575,1110,4320,11793,12385,11374,56593
66.252.241.25,4/11/2019,684287,10336,100,158,337,502,869,8370
66.253.230.60,4/9/2019,684287,24195,183,313,980,2177,3556,16986
67.14.192.2,4/11/2019,684287,10900,165,198,418,968,1945,7206
67.14.192.3,4/5/2019,684287,10512,148,188,426,998,1822,6930
67.15.31.131,4/9/2019,684287,17499,360,927,1870,2676,2727,8939
67.15.193.166,4/9/2019,684287,24255,231,464,1546,4105,5431,12478
67.15.193.167,4/11/2019,684287,24391,241,458,1587,4158,5337,12610
67.15.193.168,4/11/2019,684287,24252,254,444,1536,4083,5400,12535
67.15.193.170,4/9/2019,684287,24234,218,501,1580,4074,5337,12524
67.15.193.171,4/10/2019,684287,24245,244,498,1507,4112,5310,12574
67.17.215.132,4/12/2019,684287,266409,16446,45123,71393,41532,24960,66955
67.19.0.10,4/2/2019,684287,20338,672,1788,3417,2329,1924,10208
67.19.0.199,4/10/2019,684287,1521,81,117,193,190,183,757
67.19.1.10,4/10/2019,684287,20391,714,1808,3449,2351,1856,10213
67.55.0.11,4/10/2019,684287,28365,461,834,1376,2888,2832,19974
67.58.192.10,4/10/2019,684287,3100,60,232,812,425,299,1272
67.90.152.122,4/9/2019,684287,85826,395,2013,7866,9651,11313,54588
67.100.88.27,4/12/2019,684287,55364,689,2293,9629,13850,7409,21494
67.107.71.186,4/10/2019,684287,100052,2332,5799,9883,9463,14171,58404
67.114.50.146,4/11/2019,684287,1495,80,149,201,177,172,716
67.114.50.149,4/10/2019,684287,1418,73,100,184,183,183,695
67.138.54.100,4/9/2019,684287,1458,80,110,186,183,177,722
67.198.198.215,4/10/2019,684287,17717,615,1759,2308,1965,2481,8589
67.201.32.11,4/5/2019,684287,4823,98,222,700,765,719,2319
67.201.32.12,4/10/2019,684287,4796,112,267,743,716,699,2259
67.214.64.27,4/9/2019,684287,56480,329,791,4337,5262,6228,39533
68.1.18.25,4/11/2019,684287,41524,1209,3288,4952,3601,4523,23951
68.1.18.30,4/11/2019,684287,41310,1186,3448,4905,3594,4382,23795
68.1.18.237,4/11/2019,684287,38904,597,1973,5587,3964,4202,22581
68.2.16.25,4/11/2019,684287,26356,2651,1320,1331,2277,3502,15275
68.2.16.30,4/11/2019,684287,26649,2903,1446,1307,2258,3423,15312
68.4.16.25,4/11/2019,684287,49228,2345,3059,8561,5969,5738,23556
68.4.16.30,4/11/2019,684287,49505,2451,3153,8695,5881,5845,23480
68.6.16.25,4/11/2019,684287,32665,2468,1624,2542,2457,2615,20959
68.6.16.30,4/11/2019,684287,32951,2682,1716,2581,2431,2496,21045
68.9.16.25,4/11/2019,684287,30981,1498,623,1921,3206,4737,18996
68.9.16.30,4/11/2019,684287,31124,1498,631,1870,3217,4845,19063
68.9.16.245,4/12/2019,684287,27788,1447,563,1782,2952,4150,16894
68.10.16.25,4/11/2019,684287,40592,664,567,2268,4294,6746,26053
68.10.16.30,4/11/2019,684287,40608,657,564,2260,4368,6830,25929
68.11.16.25,4/11/2019,684287,19007,741,281,843,2065,4309,10768
68.11.16.30,4/11/2019,684287,18874,728,282,843,2074,4305,10642
68.12.16.25,4/11/2019,684287,25527,1976,658,1951,5747,4213,10982
68.12.16.30,4/11/2019,684287,25410,1998,660,1902,5769,4161,10920
68.13.16.25,4/11/2019,684287,20608,1073,509,1041,1990,3052,12943
68.13.16.30,4/11/2019,684287,20520,1115,503,1055,1982,3088,12777
68.28.50.11,4/10/2019,684287,3784,63,142,345,854,383,1997
68.28.50.91,4/9/2019,684287,23005,168,520,2604,3327,3104,13282
68.28.58.11,4/11/2019,684287,2610,68,120,209,223,235,1755
68.28.58.92,4/11/2019,684287,16544,82,205,603,1262,1774,12618
68.28.82.11,4/11/2019,684287,3938,78,134,245,258,449,2774
68.28.82.91,4/9/2019,684287,22547,129,286,996,2002,2995,16139
68.28.90.11,4/9/2019,684287,6277,172,663,1556,848,536,2502
68.28.90.91,4/11/2019,684287,30429,759,3244,6485,2636,2631,14674
68.28.114.11,4/11/2019,684287,4283,69,150,405,617,594,2448
68.28.114.91,4/11/2019,684287,33269,232,920,3417,5115,5497,18088
68.28.122.11,4/9/2019,684287,4057,118,219,616,683,519,1902
68.28.122.93,4/11/2019,684287,30479,321,1405,4621,4275,4133,15724
68.28.146.11,4/10/2019,684287,20408,401,1712,3849,1809,1903,10734
68.28.146.92,4/10/2019,684287,33141,748,3438,7232,2788,2911,16024
68.28.154.11,4/10/2019,684287,2930,65,142,242,269,300,1912
68.28.154.91,4/9/2019,684287,22217,134,259,975,1930,2980,15939
68.28.154.92,4/8/2019,684287,23423,143,290,1027,2056,3034,16873
68.28.178.11,4/10/2019,684287,3969,87,265,467,922,524,1704
68.28.178.91,4/10/2019,684287,31252,339,1316,3634,4739,3393,17831
68.28.186.11,4/10/2019,684287,3496,126,321,505,302,300,1942
68.28.186.91,4/10/2019,684287,30402,586,2753,2690,3184,3131,18058
68.28.242.91,4/11/2019,684287,25738,702,2254,2119,2731,2611,15321
68.28.250.11,4/11/2019,684287,4221,94,271,466,989,557,1844
68.28.250.92,4/9/2019,684287,28604,299,1119,3224,4493,3164,16305
68.87.64.146,4/12/2019,684287,108720,575,1370,6199,13171,14410,72995
68.87.64.150,3/30/2019,684287,14572,78,184,694,2090,2716,8810
68.87.64.154,4/9/2019,684287,10976,91,235,831,1882,2077,5860
68.87.68.162,4/12/2019,684287,38639,1383,2738,4449,3535,5447,21087
68.87.68.166,4/12/2019,684287,38930,1404,2755,4464,3538,5488,21281
68.87.68.170,4/10/2019,684287,18359,1242,2038,2630,1487,1969,8993
68.87.69.146,4/11/2019,684287,20226,3147,2230,1847,4532,2678,5792
68.87.69.150,4/12/2019,684287,27603,3179,1783,1768,3721,3237,13915
68.87.69.154,4/11/2019,684287,11791,1009,1271,1210,1481,1743,5077
68.87.71.226,4/11/2019,684287,28348,3436,316,955,3102,3176,17363
68.87.71.230,4/12/2019,684287,28523,3469,334,966,3081,3288,17385
68.87.72.130,4/12/2019,684287,46572,2813,3496,6325,4501,5398,24039
68.87.72.134,4/12/2019,684287,45264,2667,3298,6065,4394,5172,23668
68.87.73.242,4/12/2019,684287,37613,1184,1265,3725,6755,5837,18847
68.87.73.246,4/12/2019,684287,36817,1163,1171,3653,6248,5947,18635
68.87.74.162,4/12/2019,684287,28416,1161,2242,2074,2028,1270,19641
68.87.74.166,4/12/2019,684287,29291,1206,2274,2173,2153,1293,20192
68.87.75.194,4/12/2019,684287,77208,1868,1014,4558,10055,11913,47800
68.87.75.198,4/12/2019,684287,77997,1915,1012,4777,10307,12151,47835
68.87.76.178,4/11/2019,684287,44169,3005,2393,5601,7433,4099,21638
68.87.76.182,4/12/2019,684287,58574,2940,2572,6708,9755,5582,31017
68.87.77.130,4/5/2019,684287,49952,1877,434,2562,5930,4734,34415
68.87.77.134,4/7/2019,684287,56378,2116,436,2698,6859,5087,39182
68.87.78.130,4/11/2019,684287,25554,1141,1938,842,3053,6247,12333
68.87.78.134,4/11/2019,684287,26039,1202,1991,799,3139,6312,12596
68.87.85.98,4/12/2019,684287,35450,4489,570,1402,3772,6415,18802
68.87.85.102,4/12/2019,684287,35460,3811,473,1623,3312,4734,21507
68.93.224.10,4/12/2019,684287,1555,77,119,210,190,201,758
68.94.156.1,4/12/2019,684287,137197,19259,17271,27805,18379,15084,39399
68.94.156.2,4/11/2019,684287,1519,71,95,187,195,190,781
68.94.157.1,4/12/2019,684287,144541,18320,16342,27225,18819,16250,47585
68.100.16.25,4/11/2019,684287,46579,1166,2734,5761,6985,7486,22447
68.100.16.30,4/11/2019,684287,46429,1258,2775,5675,6849,7409,22463
68.105.28.11,4/11/2019,684287,48772,11508,5096,7448,3831,2949,17940
68.105.28.12,4/11/2019,684287,48596,11814,5019,7235,3748,3052,17728
68.105.28.46,4/11/2019,684287,2241,232,162,224,227,236,1160
68.105.28.47,4/8/2019,684287,2176,226,160,207,210,231,1142
68.105.28.48,4/12/2019,684287,2194,238,138,197,210,246,1165
68.105.28.82,4/11/2019,684287,2183,183,190,221,232,217,1140
68.105.28.108,4/10/2019,684287,2378,108,113,220,243,340,1354
68.105.28.139,4/10/2019,684287,2040,111,148,231,291,319,940
68.105.28.140,4/10/2019,684287,2101,122,150,246,295,341,947
68.105.28.141,4/12/2019,684287,2117,114,155,248,299,337,964
68.105.28.142,4/11/2019,684287,2171,116,185,224,302,333,1011
68.105.29.11,4/11/2019,684287,40048,4935,2746,5249,4446,3806,18866
68.105.29.12,4/11/2019,684287,42795,5040,3061,5515,4787,4191,20201
68.105.29.80,4/12/2019,684287,2079,149,124,214,267,234,1091
68.105.29.108,4/12/2019,684287,2123,149,192,355,246,215,966
68.105.29.109,4/11/2019,684287,2345,171,193,385,329,226,1041
68.105.29.110,4/11/2019,684287,2743,190,216,462,354,249,1272
68.105.29.111,4/9/2019,684287,2120,149,197,346,318,186,924
68.105.29.139,4/4/2019,684287,1983,121,112,194,210,229,1117
68.105.29.237,4/10/2019,684287,1947,87,102,197,212,216,1133
68.111.16.25,4/11/2019,684287,23862,2373,1645,2486,3617,2513,11228
68.111.16.30,4/11/2019,684287,23680,2509,1609,2423,3524,2563,11052
68.115.71.53,4/12/2019,684287,13316,1871,364,488,993,1439,8161
68.116.46.70,4/12/2019,684287,7206,722,432,1465,1160,512,2915
68.185.34.67,4/11/2019,684287,4402,151,227,524,743,417,2340
68.189.122.19,4/8/2019,684287,11252,116,148,351,505,772,9360
68.237.161.12,4/12/2019,684287,93432,3498,5951,11570,12182,13218,47013
68.237.161.14,4/12/2019,684287,92543,2685,5678,11559,12194,12957,47470
68.238.96.12,4/12/2019,684287,76487,1009,2321,5658,5744,10725,51030
68.238.112.12,4/12/2019,684287,72848,4067,7689,7435,6991,6975,39691
68.238.112.14,4/12/2019,684287,71807,3495,7598,7305,6674,7070,39665
68.238.128.12,4/12/2019,684287,51601,1171,2079,2925,5207,7691,32528
69.1.30.11,4/8/2019,684287,1515,105,117,175,202,186,730
69.7.192.1,4/11/2019,684287,293706,3797,13460,30457,26380,36716,182896
69.7.192.2,4/12/2019,684287,297527,3814,13447,30906,26922,37106,185332
69.9.129.9,4/9/2019,684287,11534,138,237,725,1764,1596,7074
69.9.144.10,4/10/2019,684287,6223,103,165,519,1006,683,3747
69.26.64.253,4/9/2019,684287,4757,216,136,411,509,441,3044
69.26.64.254,4/11/2019,684287,4761,218,154,384,496,429,3080
69.26.129.2,4/11/2019,684287,45052,2768,4074,4895,5115,5611,22589
69.28.207.4,4/11/2019,684287,5136,417,758,561,322,473,2605
69.28.239.8,4/12/2019,684287,13175,512,544,2298,882,890,8049
69.28.239.9,4/12/2019,684287,13277,506,512,2299,873,893,8194
69.39.94.10,4/6/2019,684287,1477,104,104,177,186,166,740
69.43.204.150,4/10/2019,684287,13822,293,369,1141,2212,1263,8544
69.43.204.151,4/10/2019,684287,13679,318,366,1098,2202,1259,8436
69.45.176.5,4/10/2019,684287,19294,134,361,1924,2536,3363,10976
69.46.192.4,4/10/2019,684287,5063,87,138,268,301,440,3829
69.51.76.26,4/11/2019,684287,35484,202,379,1550,3544,4172,25637
69.51.76.36,4/10/2019,684287,7615,144,181,553,1041,632,5064
69.54.70.15,4/12/2019,684287,31828,1718,3798,5842,2784,2806,14880
69.56.222.10,4/11/2019,684287,20165,668,1776,3438,2327,1808,10148
69.57.17.129,4/11/2019,684287,8398,145,229,445,584,747,6248
69.57.18.161,4/10/2019,684287,2940,72,136,258,299,287,1888
69.59.192.61,4/9/2019,684287,9427,156,346,1363,1200,816,5546
69.59.192.62,4/9/2019,684287,9717,135,356,1392,1235,908,5691
69.59.192.71,4/9/2019,684287,9829,172,349,1383,1230,853,5842
69.60.160.196,4/12/2019,684287,203187,2374,11690,24651,19365,18708,126399
69.60.160.203,4/12/2019,684287,246383,3522,15752,30726,24364,23627,148392
69.63.44.12,4/9/2019,684287,1571,96,144,192,172,208,759
69.63.44.13,4/10/2019,684287,1438,65,115,186,167,182,723
69.63.44.14,4/11/2019,684287,1606,100,146,195,198,192,775
69.63.44.106,4/11/2019,684287,29083,326,2291,2729,1741,2486,19510
69.63.44.108,4/11/2019,684287,35334,398,2883,3055,2365,3312,23321
69.63.44.109,4/9/2019,684287,23436,261,1940,2534,1380,1922,15399
69.63.160.5,4/12/2019,684287,1517,65,124,188,183,185,772
69.64.224.67,4/10/2019,684287,35483,799,2817,2981,2976,4543,21367
69.67.97.18,4/12/2019,684287,166249,3102,1651,4893,15785,24190,116628
69.67.254.2,4/8/2019,684287,101010,2404,1878,5801,10412,12535,67980
69.72.0.2,4/10/2019,684287,8164,84,175,454,708,930,5813
69.72.74.3,4/9/2019,684287,4778,81,129,294,308,414,3552
69.72.104.3,4/9/2019,684287,5489,92,150,248,334,432,4233
69.72.244.162,4/10/2019,684287,1363,60,108,154,186,159,696
69.90.138.2,4/9/2019,684287,6406,498,486,426,517,709,3770
69.93.160.202,4/11/2019,684287,1401,60,108,191,148,164,730
69.145.232.4,4/12/2019,684287,25343,1025,828,1027,1941,3028,17494
69.145.248.4,4/12/2019,684287,15572,658,435,612,1169,1643,11055
69.145.248.50,4/12/2019,684287,16783,673,423,681,1196,1757,12053
69.146.17.2,4/12/2019,684287,12999,568,299,1279,1314,1376,8163
